id	slice_n	thickness	vox_neg	min	index(min)	max	index(max)
0802	256	1.25	0.2127532958984375	-3024.0	0	2210.0	8
0803	254	1.25	0.2127532958984375	-3024.0	0	3071.0	223
0804	132	2.50	0.2127532958984375	-3024.0	0	2489.0	9
0805	250	1.25	0.2127532958984375	-3024.0	0	2497.0	1
0806	481	1.25	0.2127532958984375	-3024.0	0	1884.0	370
0807	535	0.75	0.0	-1024.0	0	2123.0	106
