radius	low	clinical
100	0.05919843641536962	0.008142947315615752
102	0.059121760026298466	0.008096363870218698
104	0.05904835554541376	0.008051619267368177
106	0.05897114064847936	0.008006726684265062
108	0.05888213730040668	0.007961231360492444
110	0.05879131160745724	0.007917524464270513
112	0.05869778011519677	0.007874287147048357
114	0.058603654904045614	0.007832574028725149
116	0.05850507944112244	0.007791385286399827
118	0.05839712726889575	0.007752043448765118
120	0.058279895970991404	0.007713284474713424
122	0.05816744186253846	0.007677919127057748
124	0.0580418715423976	0.007642224682180515
126	0.05790615352486706	0.007607973404580588
128	0.057775367664796205	0.0075740634285437775
130	0.05767032047528934	0.007563493824558195
132	0.05756117173200763	0.00755021253534281
134	0.060231222526109435	0.010507348562033246
136	0.07492296474817745	0.025127707035239713
138	0.07830114949899745	0.028468029976267198
140	0.07957834353118746	0.029777142699327536
142	0.08022456242899208	0.030490036820920937
144	0.08054841180864065	0.03089601069847739
146	0.08069165465912895	0.031131350151299027
148	0.08072469513177968	0.03125635418780102
150	0.08069632791207455	0.031320589385476424
152	0.08063507245027798	0.03134712199778055
154	0.08055068727712773	0.03135196021876862
156	0.08044656292795896	0.03133405729301406
158	0.08034298230909462	0.031310062901111456
160	0.08023679255443474	0.03127935233128651
162	0.08013893738228199	0.031248592328926215
164	0.08004945961027597	0.031217647770872235
166	0.07995921751259227	0.031186597845731842
168	0.07987924967702131	0.03115556632713676
170	0.07979832060366275	0.03112060255785235
172	0.07973997042498691	0.031096507347373566
174	0.07968961387342259	0.031075125375186682
176	0.07965483624031043	0.031058107153536248
178	0.07961916710247616	0.031038599167063786
180	0.07959987896463173	0.031027296632462356
182	0.07959697753649378	0.031025565456075117
